Christopher Morris;Melvinchester;2720 Christian Terrace Apt. 408;Fields-Williams;Field trials officer;938-940-7881;sarah51@hotmail.com;1991-10-12;135968
Tabitha Fitzgerald;Lake Anita;333 Moreno Stravenue Apt. 804;Bailey, Pace and Cooper;Journalist, magazine;001-550-283-4765x319;wesleynguyen@yahoo.com;1982-05-26;199228
Lisa Palmer;North Kelly;02886 Meredith Isle Suite 861;Walsh PLC;Physiotherapist;567-440-9521;jacksonjohn@hotmail.com;1959-10-25;36655
Judy Weaver;West April;777 Harding Light Apt. 842;Patel-Bryant;Horticultural therapist;+1-645-650-7906x875;thomas76@hotmail.com;1952-04-27;137183
Edward Black;Anthonyside;22100 Woodard Rapids;Golden-Morris;Conservator, furniture;7449649026;ptorres@hotmail.com;1954-12-17;31351
Luis Bean;Longberg;24884 Christopher Point;Gilbert-Mathews;Administrator;(494)335-8184x306;zimmermangregory@hotmail.com;1999-06-14;43093
Bobby Torres;Austinport;09763 Brad Land;Gonzalez-Rollins;Teacher, early years/pre;(551)652-8859x0479;megan69@yahoo.com;1978-12-03;164672
Crystal Harris;Sheashire;50459 White Bridge;Knight-Garcia;Diagnostic radiographer;(775)586-7409;omoon@hotmail.com;1979-06-27;156775
Jackson Anderson;Hansonland;277 Sheila Mission Apt. 197;Long, Baker and Rogers;Engineer, chemical;521.109.1219;john12@yahoo.com;1988-05-23;193906
Michael Thomas;Katrinabury;292 Darlene Squares Apt. 077;Moody Group;Ambulance person;951.070.3656;tammy86@hotmail.com;1957-11-22;187986
Margaret Waters;Port Jorge;8651 Erik Circles Apt. 574;Stone, Mayer and Lowery;Surveyor, insurance;(747)896-5393;brandonmejia@hotmail.com;1955-08-30;174426
Kelly Thompson;East Jamesfurt;11251 Maria Ports Suite 653;Lee, Griffin and Mcintyre;Naval architect;(513)069-9777x9685;masonbrandi@gmail.com;1962-10-31;134313
Scott Lewis;West Jacqueline;42777 Clifford Place Apt. 283;Jones-Bond;Prison officer;858-678-6888x49633;whicks@gmail.com;1973-09-15;77237
James Knight;Jacobborough;034 Ashley Union;Terry-Johnson;Warden/ranger;001-791-683-1627x5108;emily89@yahoo.com;1960-04-07;29554
Brian King;Rickybury;103 Lisa Curve;Jones, Lewis and Deleon;Therapeutic radiographer;589.497.2127x616;dustin88@hotmail.com;2000-08-23;28697
Maria Garcia;Elizabethton;935 Kristen Roads Apt. 890;Duran, Cole and Morrison;Water quality scientist;026-844-3686;david78@hotmail.com;1968-12-21;113676
Elaine Young;Sheilaborough;13348 Higgins Haven;Bryan Ltd;Electronics engineer;359.563.8215;jacob25@yahoo.com;1995-01-22;195440
Miguel Chandler;Jeanetteberg;7288 Keith Ranch Suite 680;Rivera PLC;Engineer, mining;+1-460-029-5911x197;brennanjustin@gmail.com;1973-06-01;30857
Jonathan Boyd;Burkefurt;027 Wright Motorway Suite 352;Roman Ltd;Visual merchandiser;8282483650;mitchell79@hotmail.com;1980-04-28;80366
Douglas Miller;Lewischester;51004 Ryan Mount Suite 418;Rice, Davis and Morgan;Mental health nurse;587-671-6569x79304;blanchardjoshua@hotmail.com;1979-06-11;79695
Logan Martinez;West Sherrymouth;4903 Jon Union;Brennan Inc;Teacher, adult education;218-324-5886x466;zcarney@hotmail.com;1990-03-09;192512
Gina Jimenez;South David;3716 Nguyen Stravenue;Solomon-Carpenter;Teacher, early years/pre;001-395-080-5958x98487;umurillo@yahoo.com;1992-05-02;136013
Daniel Maldonado;Kennethborough;36101 Wright Plains;Boyer PLC;Chemical engineer;001-892-084-7668x4848;melissamartin@gmail.com;1959-04-27;42143
Elizabeth Cordova;Port Brian;85484 Matthew Shoal;Flores Ltd;Engineer, broadcasting (operations);971-669-2029x7887;marvinchung@gmail.com;1985-06-17;137029
Erik Thomas;South Michael;0466 Elijah River Apt. 915;Nguyen-Johnson;Community pharmacist;165.762.8792x872;vthompson@gmail.com;1967-10-18;161615
Amy Newton;East Gina;09786 Watson Walk Apt. 606;Jackson Ltd;Pharmacologist;(993)820-0124x480;carlshannon@hotmail.com;1967-10-10;45932
Diana Ellis;Marcberg;7872 White Trafficway Suite 683;Butler, Friedman and Marshall;Chartered accountant;621-908-1671x47348;dwaynemills@hotmail.com;1969-09-12;75630
Valerie Hardy;Lake Jorge;9655 Ward Ranch;Conner Inc;Designer, exhibition/display;655-071-2057;bberg@gmail.com;1997-02-12;157648
Jamie Lam;Ryanberg;757 Kevin Mount Suite 819;Davis Group;Artist;+1-829-336-1163x33020;lopezstacy@hotmail.com;1999-04-18;103605
Andrew Mcintyre;Mosleyfurt;97221 Lee Crest;Knight-Reyes;Biochemist, clinical;(895)617-6256;hodgessydney@yahoo.com;1974-04-22;143580
Alicia Taylor;Lake Colleen;43797 Christina Junctions;Bradley, Collins and Delgado;Research officer, trade union;2478922115;ylogan@hotmail.com;2002-05-26;111898
Bryan Peterson;South Carl;78503 Rogers Streets;Hunter, Mcneil and Davis;Health and safety adviser;001-755-784-9618;denisemooney@yahoo.com;1983-10-09;50155
Brian Daniel;North Rebecca;4166 Joseph Crest;Gentry Ltd;Energy engineer;8122746372;shawn53@yahoo.com;1975-10-22;108206
Jasmin Lewis;Wardberg;926 Robert Summit;Robinson Group;Equality and diversity officer;515-980-9003;allison41@yahoo.com;1989-11-06;89644
Mark Taylor;South Kyliestad;99386 Benjamin Fields;Brown-Cooper;Diagnostic radiographer;+1-944-367-8717;cschaefer@gmail.com;1961-09-18;141315
Caroline Brown;Gonzaleztown;0496 Martha Plaza Suite 797;Perkins-Berger;Furniture conservator/restorer;377-425-5943x16159;hbennett@hotmail.com;1961-08-26;152577
Debra Noble;Gonzalezbury;8163 Whitney Lodge;Mahoney-Thomas;Fish farm manager;7652732730;xblake@hotmail.com;1980-08-04;132126
Leah Huerta;New Rhondachester;5665 Morgan Radial Apt. 417;Garcia-Gonzalez;Early years teacher;001-651-848-7175;vwatts@hotmail.com;1998-04-12;47106
Tricia Turner;Charlesport;970 Martin Parks Apt. 958;Brown-Hancock;Archaeologist;147-910-7604x47137;blackrachel@gmail.com;1974-02-11;141869
Cory Moreno;East Donnachester;820 James Camp;Brooks, Lopez and Barnes;Designer, multimedia;+1-557-661-1913;amandafields@gmail.com;1979-09-01;90367
Lisa Harrison;Joneshaven;29343 Katherine Rest;Russell-Newman;Advertising account executive;111-401-2309;herringmonique@yahoo.com;1961-04-25;84072
Matthew Garcia MD;West Bettyfort;59554 Wright Parkway;Sanchez-Simpson;Research officer, government;544.887.7240;judy85@yahoo.com;1979-11-05;23341
Katherine English DDS;Jonathanside;84992 Melton Bypass Apt. 716;Zamora Inc;Fashion designer;(243)394-2552;paguilar@hotmail.com;1966-07-05;83179
Joseph Scott;South Amyland;5506 Gomez Flats Apt. 984;Burton Group;Lexicographer;+1-965-062-8808x864;hunter48@yahoo.com;1994-12-12;195152
Douglas Davis;Emilyborough;546 Anderson Shores Apt. 546;Santiago Ltd;Social worker;330.186.8756;meadowsisaiah@hotmail.com;1962-03-14;56140
Andrew Nelson;Espinozabury;23446 Rodgers Via;Romero-Jackson;Cartographer;278-899-4499;shoffman@gmail.com;1958-01-29;114191
Zachary White;Michealside;498 Smith Mountain Suite 328;Perez, Simon and King;Accommodation manager;+1-863-460-5796x154;contrerasjared@gmail.com;1957-06-24;193069
Michael Brown;Marieborough;30554 Santos Falls;Smith LLC;Museum education officer;+1-530-849-7362x1822;richardsantiago@yahoo.com;1963-09-08;160166
Tony Cabrera;New Hannah;6105 Thomas Street Suite 592;Stone-Torres;Higher education lecturer;2047109101;rmendez@hotmail.com;1964-01-30;44752
Christopher Reynolds;West Tinachester;44373 Adam Corner Suite 492;Taylor PLC;Energy manager;(856)739-3977x12505;karenatkinson@yahoo.com;2004-03-08;147177
Margaret Williams;Angelaton;28323 Taylor Knoll Suite 850;Edwards-Patel;Fish farm manager;+1-937-102-8484x28651;sarah27@yahoo.com;1987-06-04;169347
Monica Garcia;West Michelleview;0589 Mullen Lodge Apt. 392;Young, Taylor and Smith;Local government officer;+1-093-835-6182x771;natasha48@gmail.com;1979-10-25;25571
Robert Bates;Kimberlyberg;105 Grant Rest;Jimenez, Hartman and Griffin;Development worker, community;+1-435-111-7884x63257;laurenschmidt@yahoo.com;1985-11-17;114649
Pamela Cooper;East Kimberlybury;9692 Nicole Mill Suite 043;Jordan-Baker;Publishing copy;463-580-4607;harperwilliam@hotmail.com;1973-12-11;191061
Leslie Brooks;Whitemouth;055 Ortiz Heights Suite 419;Esparza-Murphy;Psychologist, sport and exercise;001-717-029-5899x10579;evanstiffany@gmail.com;1992-03-17;119162
Susan Wong;North Michaelmouth;3520 Fernandez Fork;Hernandez-Hardy;Education officer, community;001-581-397-1950x600;nicole31@hotmail.com;1982-10-17;195552
Nancy Vasquez;Delgadofort;81489 Norma Crossroad;Chen, Marquez and Sandoval;Ranger/warden;001-391-467-7145x160;john37@yahoo.com;1964-02-04;50099
Matthew Rivera;East Joseph;81138 Tyler Green Apt. 066;Kelley PLC;Administrator, arts;348.579.4473x067;zachary97@yahoo.com;1990-06-12;88132
Darius Allen;Jacksonstad;912 Matthew Throughway;Lin-Maldonado;Professor Emeritus;7793777264;williamholmes@yahoo.com;1953-01-08;101096
Alicia Marks;Jacobville;97903 Monica Creek Apt. 633;Arnold, Johnson and Esparza;Development worker, international aid;804.059.5873x8377;torresjesus@hotmail.com;1998-12-09;66195
Jennifer Williams MD;Lake Ambershire;05421 Derek Plaza;Jackson Ltd;Lecturer, higher education;+1-229-903-7778x902;zrivera@yahoo.com;1967-01-08;33566
Sharon Gould;South Carolyn;72713 Kenneth Pine;Thompson Inc;Stage manager;8425895704;justinlewis@gmail.com;1952-05-31;103458
Jeffery Ross;Stephanieport;1092 Larson Expressway;Clark LLC;Architect;004-800-7755x7772;michaelbrown@yahoo.com;1952-02-01;148562
Stacy Weber;Hallfurt;5643 Michael Field;Medina Group;Futures trader;616.471.0775x1705;zfuller@yahoo.com;1998-07-19;158566
Ricky Smith;Lake Latoya;7527 Rodriguez Plain;Mccarthy Ltd;Broadcast presenter;997.454.1377x49684;gregbarron@gmail.com;1999-04-23;21470
Lauren Benjamin;New Timothyfort;58651 Steven Garden;Davis-Snyder;Paediatric nurse;553.805.3896;rebecca51@gmail.com;1990-10-13;55832
Jane Turner;Port Pamelamouth;4274 Abigail Road Apt. 486;Gray-May;Applications developer;7033176740;valeriecurry@gmail.com;1996-04-05;136513
Ann Silva;North William;318 Claudia Loop Suite 547;Ellis, Lyons and Jones;Barrister;+1-286-973-6413x1748;lynnbarnes@yahoo.com;1975-12-15;141552
Richard Charles;Justinmouth;268 Hannah Shoals;Moses, Garza and Rubio;Embryologist, clinical;001-345-002-0684x62953;alyssa01@gmail.com;1979-10-26;133181
Sue Smith;New Michael;82336 Jorge Isle Suite 338;Bass-Burke;Commissioning editor;001-128-424-2271x2139;clarence72@yahoo.com;1996-11-24;22174
Ricky Hamilton;Meyerstad;272 Porter Circle Suite 148;Perez, Knight and Zuniga;Event organiser;001-551-982-4959x0252;debra24@yahoo.com;1987-08-01;190836
Angelica Wheeler;East Danielland;2864 Kimberly Groves;Cabrera-Evans;Stage manager;+1-154-126-9888;amygarcia@hotmail.com;1971-03-12;195466
Ashley Smith;Stevenside;58737 Edwards Curve Suite 135;Thomas Group;Health visitor;752-309-1303;khatfield@yahoo.com;1990-01-30;22781
Leslie Mccoy;North Elizabeth;71407 Kristen Knoll;Meyers-Lewis;Designer, fashion/clothing;429-122-2684;afarmer@yahoo.com;1992-12-22;108321
Charles Scott;South Laura;83901 Walters Port Suite 947;Sullivan, Gomez and Porter;Estate manager/land agent;(013)494-9159x59504;walkerchristopher@hotmail.com;2000-05-27;186477
Richard Watson;Millerchester;6960 Young Ways Apt. 955;Nichols-Black;Personnel officer;953-492-6483;dgreen@hotmail.com;1963-01-27;172772
Brittany Martin;North Denise;79329 Ricardo Ville;Murray Inc;Contracting civil engineer;+1-674-102-1554x29639;jay20@yahoo.com;1955-07-20;20301
Allison Neal;Jamieland;266 Teresa Path Suite 880;Leon PLC;Medical sales representative;102-541-5402x549;lambjeffrey@hotmail.com;1983-11-15;57929
Melinda Mckinney;Wilsonville;9921 Cobb Trail Apt. 220;Clarke, Townsend and Black;Psychologist, prison and probation services;001-893-656-7851x57127;jenny58@hotmail.com;1963-02-05;67832
Barbara Ellison;South Jessica;9868 Norma Gateway Apt. 862;West LLC;Radio producer;974.472.9975;lrobinson@hotmail.com;1973-07-05;56965
Paul Chase;Allisonton;38251 Hines Corner Suite 350;Hart PLC;Editorial assistant;(685)039-5161x6844;christensenshari@gmail.com;1999-07-22;174491
Jeremy Morgan;Mitchellstad;8812 Medina Ridges Apt. 729;Rogers LLC;Patent examiner;816.608.9581x8044;andersongregory@hotmail.com;1990-08-24;74633
Christopher Banks;Lake Matthewton;756 Warren Vista;Payne-Sutton;Land;998-392-0994;jwilson@yahoo.com;1966-09-10;175847
Sarah Lewis;West Michaelfort;0334 Miranda Court;Haynes Group;Hydrographic surveyor;001-535-493-5113x5345;frances32@yahoo.com;1999-11-10;154914
Samantha Rich;Chambersshire;8008 Mason Mission;Galloway-Holt;Hydrologist;(431)654-2177x501;carolshort@gmail.com;1972-03-13;54777
Hannah Soto;Newmanside;747 Caitlin Road;Rose, Vaughan and Davis;Administrator, local government;2991569636;mcook@hotmail.com;1951-11-08;106184
Jose Winters;Ericaberg;4346 Charles Gateway Suite 195;Castillo Inc;Health and safety inspector;375.686.9747;ryanking@yahoo.com;1966-02-20;83388
Nicholas West;Torreston;49549 Lori Turnpike Apt. 911;Cohen-Jenkins;Colour technologist;7014931753;mark45@yahoo.com;1975-06-06;195586
Wayne Joyce;Nicholasland;4726 Lawson Divide Apt. 699;Davis, Hurley and Brown;Speech and language therapist;001-001-542-9585x36832;randymoran@hotmail.com;1984-10-11;91008
Tabitha Trevino;Howardport;24895 Andrews Inlet Apt. 079;Jackson, Jacobs and Watkins;Tourism officer;+1-620-357-9653x7081;bakerhayden@gmail.com;1951-08-22;155142
Stephen Perry;New Brittanyview;558 Dennis Brooks;Carlson, Davis and Bauer;Ambulance person;+1-356-836-0379;sarah98@gmail.com;1981-12-13;28217
David Lopez;West Lisa;145 Christopher Island Suite 855;Cummings, Cox and Gates;Communications engineer;6758869672;tuckerjason@hotmail.com;1984-12-05;117215
William Greer;Kathyside;01290 Dylan Path;Berg Inc;Fashion designer;463-078-9953x20305;bushmichelle@hotmail.com;1999-08-13;49851
Joseph Martin;South Perry;4634 Cook Port;Aguilar-Wright;Travel agency manager;+1-442-762-1351x1095;dawncrawford@hotmail.com;1991-01-31;88766
Christina Khan;East Dennisfurt;055 Johnson Cliff Apt. 534;Cole and Sons;Social researcher;552.674.5797x18923;cheyenne09@gmail.com;1982-02-14;154625
Melissa Wall;Williamschester;543 Justin Road;Farrell, Small and Leach;Scientist, research (medical);803.190.5066x22939;patricksanders@hotmail.com;2000-09-15;74156
Christopher Lynch;North Amandahaven;392 Brown Spurs Apt. 434;Jones-Fernandez;Web designer;398.636.4953;todd39@yahoo.com;1988-07-03;77908
Heather Parker;Garrettfort;741 Ward Islands;Garza Ltd;Horticultural consultant;+1-121-625-8725x30492;sharon43@gmail.com;1987-04-30;20065
Janice Hernandez;New Jerryfort;996 Heath Harbors Suite 833;White, Rios and Mercado;Exhibitions officer, museum/gallery;908-813-8698x111;francisgail@yahoo.com;1970-09-18;103715
Kathleen Brock;North Laura;20992 Diaz Light;Henderson, Robinson and Stevens;Clinical cytogeneticist;(311)572-1505x763;ujones@gmail.com;1955-02-08;130346
